{
	"description": "项目配置文件",
	"packOptions": {
		"ignore": []
	},
	"setting": {
		"urlCheck": false,
		"es6": true,
		"postcss": true,
		"minified": true,
		"newFeature": true,
		"autoAudits": false,
		"checkInvalidKey": true,
		"coverView": true,
		"checkSiteMap": true,
		"uploadWithSourceMap": true,
		"babelSetting": {
			"ignore": [],
			"disablePlugins": [],
			"outputPath": ""
		}
	},
	"compileType": "miniprogram",
	"libVersion": "2.7.1",
	"appid": "wx1a6446cdd5551945",
	"projectname": "%E7%A7%9F%E8%BD%A6",
	"debugOptions": {
		"hidedInDevtools": []
	},
	"isGameTourist": false,
	"simulatorType": "wechat",
	"simulatorPluginLibVersion": {},
	"condition": {
		"search": {
			"current": -1,
			"list": []
		},
		"conversation": {
			"current": -1,
			"list": []
		},
		"plugin": {
			"current": -1,
			"list": []
		},
		"game": {
			"currentL": -1,
			"list": []
		},
		"miniprogram": {
			"current": 1,
			"list": [
				{
					"id": 0,
					"name": "1",
					"pathName": "pages/index/index",
					"query": "",
					"scene": null
				},
				{
					"id": 1,
					"name": "2",
					"pathName": "pages/reatName/reatName",
					"query": "",
					"scene": null
				},
				{
					"id": 2,
					"name": "3",
					"pathName": "pages/my/my",
					"query": "",
					"scene": null
				}
			]
		}
	}
}