{
	"description": "项目配置文件",
	"packOptions": {
		"ignore": []
	},
	"setting": {
		"urlCheck": false,
		"es6": true,
		"postcss": true,
		"minified": true,
		"newFeature": true,
		"nodeModules": true,
		"autoAudits": false,
		"checkInvalidKey": true
	},
	"compileType": "miniprogram",
	"libVersion": "2.8.2",
	"appid": "wxa718a8088d156fd5",
	"projectname": "%E9%9D%A2%E8%AF%95%E7%99%BB%E8%AE%B0",
	"debugOptions": {
		"hidedInDevtools": []
	},
	"isGameTourist": false,
	"simulatorType": "wechat",
	"simulatorPluginLibVersion": {},
	"condition": {
		"search": {
			"current": -1,
			"list": []
		},
		"conversation": {
			"current": -1,
			"list": []
		},
		"plugin": {
			"current": -1,
			"list": []
		},
		"game": {
			"currentL": -1,
			"list": []
		},
		"miniprogram": {
			"current": 4,
			"list": [
				{
					"id": -1,
					"name": "信息",
					"pathName": "pages/personalData/personalData",
					"query": "",
					"scene": null
				},
				{
					"id": -1,
					"name": "教育背景",
					"pathName": "pages/experience/experience",
					"query": "",
					"scene": null
				},
				{
					"id": -1,
					"name": "其他",
					"pathName": "pages/Last/Last",
					"query": "",
					"scene": null
				},
				{
					"id": -1,
					"name": "s",
					"pathName": "pages/ceshi/ceshi",
					"query": "",
					"scene": null
				},
				{
					"id": -1,
					"name": "s",
					"pathName": "pages/ceshi/ceshi",
					"scene": null
				}
			]
		}
	}
}