{
	"pages": [
		{
			"path": "pages/index/index",
			"style": {}
		},
		{
			"path": "pages/sport/sport"
		},
		{
			"path": "pages/home/home"
		},
		{
			"path": "pages/home/authorize"
		},
		{
			"path": "pages/home/about"
		},
		{
			"path": "pages/sport/countDown"
		},
		{
			"path": "pages/sport/running"
		},
		{
			"path": "pages/sport/riding"
		},
		{
			"path": "pages/sport/list"
		},
		{
			"path": "pages/sport/finish"
		}
	],
	"globalStyle": {
		"mp-alipay": {
			/* 支付宝小程序特有相关 */
			"transparentTitle": "always",
			"allowsBounceVertical": "NO"
		},
		"navigationBarBackgroundColor": "#0081ff",
		"navigationBarTitleText": "智慧体育",
		"navigationStyle": "custom",
		"navigationBarTextStyle": "white"
	},
	"tabBar": {
		"color": "#B7B7B7",
		"selectedColor": "#00B26A",
		"borderStyle": "black",
		"backgroundColor": "#FFFFFF",
		"list": [{
			"pagePath": "pages/index/index",
			"iconPath": "static/icon/tabbar/index.png",
			"selectedIconPath": "static/icon/tabbar/index_cur.png",
			"text": "首页"
		},{
			"pagePath": "pages/home/home",
			"iconPath": "static/icon/tabbar/home.png",
			"selectedIconPath": "static/icon/tabbar/home_cur.png",
			"text": "我的"
		}]
	}
}
