{
	"description": "项目配置文件",
	"packOptions": {
		"ignore": []
	},
	"setting": {
		"urlCheck": false,
		"es6": true,
		"postcss": true,
		"minified": true,
		"newFeature": true,
		"autoAudits": false
	},
	"compileType": "miniprogram",
	"libVersion": "2.6.2",
	"appid": "wx29330fb17462f7d6",
	"projectname": "1111",
	"debugOptions": {
		"hidedInDevtools": []
	},
	"isGameTourist": false,
	"condition": {
		"search": {
			"current": -1,
			"list": []
		},
		"conversation": {
			"current": -1,
			"list": []
		},
		"plugin": {
			"current": -1,
			"list": []
		},
		"game": {
			"currentL": -1,
			"list": []
		},
		"miniprogram": {
			"current": 15,
			"list": [
				{
					"id": 0,
					"name": "店铺详情",
					"pathName": "pages/storedetails/storedetails",
					"query": ""
				},
				{
					"id": -1,
					"name": "我的订单",
					"pathName": "pages/myorder/myorder",
					"query": ""
				},
				{
					"id": 2,
					"name": "我的报价",
					"pathName": "pages/myoffer/myoffer",
					"query": ""
				},
				{
					"id": 2,
					"name": "往期订单",
					"pathName": "pages/historysorder/historysorder",
					"query": ""
				},
				{
					"id": 2,
					"name": "采购记帐单",
					"pathName": "pages/cgorder/cgorder",
					"query": ""
				},
				{
					"id": 2,
					"name": "今日总订货单",
					"pathName": "pages/allorder/allorder",
					"query": ""
				},
				{
					"id": 2,
					"name": "盘点库存",
					"pathName": "pages/pandian/pandian",
					"query": ""
				},
				{
					"id": 2,
					"name": "分拣货品",
					"pathName": "pages/fjorder/fjorder",
					"query": ""
				},
				{
					"id": 2,
					"name": "正在分拣-货品",
					"pathName": "pages/fjcan/fjcan",
					"query": ""
				},
				{
					"id": 2,
					"name": "正在分拣-餐厅",
					"pathName": "pages/fjproduct/fjproduct",
					"query": ""
				},
				{
					"id": 2,
					"name": "配送单",
					"pathName": "pages/psorder/psorder",
					"query": ""
				},
				{
					"id": 2,
					"name": "今日账单",
					"pathName": "pages/zhangdan/zhangdan",
					"query": ""
				},
				{
					"id": 2,
					"name": "配送单详情",
					"pathName": "pages/psorderinfo/psorderinfo",
					"query": ""
				},
				{
					"id": -1,
					"name": "首页",
					"pathName": "pages/index/index",
					"query": ""
				},
				{
					"id": -1,
					"name": "注册",
					"pathName": "pages/register/register",
					"query": "",
					"scene": null
				},
				{
					"id": 15,
					"name": "登录",
					"pathName": "pages/signIn/signIn",
					"query": "",
					"scene": null
				}
			]
		}
	}
}