{
	"projectid": "1109635039_QQ%E5%B0%8F%E7%A8%8B%E5%BA%8F",
	"setting": {
		"urlCheck": true,
		"es6": true,
		"postcss": true,
		"minified": true,
		"newFeature": true,
		"autoAudits": false
	},
	"compileType": "miniprogram",
	"createTime": 1564403420840,
	"accessTime": 1564403420840,
	"packOptions": {
		"ignore": []
	},
	"debugOptions": {
		"hidedInDevtools": []
	},
	"qqappid": "1109635039",
	"projectname": "QQ%E5%B0%8F%E7%A8%8B%E5%BA%8F",
	"condition": {
		"search": {
			"current": -1,
			"list": []
		},
		"conversation": {
			"current": -1,
			"list": []
		},
		"game": {
			"currentL": -1,
			"list": []
		},
		"miniprogram": {
			"current": -1,
			"list": []
		}
	}
}